{
    "Sitemap": "https://igod.gov.in/site_map",
    "Home": "https://igod.gov.in",
    "Categories": "https://igod.gov.in/categories",
    "Sectors": "https://igod.gov.in/sectors",
    "Contribute": "https://igod.gov.in/contribute",
    "Advanced Search": "https://igod.gov.in/advanced_search",
    "State/UT-wise list of Districts": "https://igod.gov.in/sg/district/states",
    "Adilabad": "https://adilabad.telangana.gov.in",
    "Agar-Malwa": "https://agarmalwa.nic.in",
    "Agra": "https://agra.nic.in",
    "Ahilyanagar": "https://ahmednagar.nic.in",
    "Ahmedabad": "https://ahmedabad.nic.in",
    "Aizawl": "https://aizawl.nic.in",
    "Ajmer": "https://ajmer.rajasthan.gov.in",
    "Akola": "https://akola.gov.in",
    "Alappuzha": "https://alappuzha.nic.in",
    "Aligarh": "https://aligarh.nic.in",
    "Alipurduar": "https://alipurduar.gov.in",
    "Alirajpur": "https://alirajpur.nic.in",
    "Alluri Sitharama Raju": "https://allurisitharamaraju.ap.gov.in",
    "Almora": "https://almora.nic.in",
    "Alwar": "https://alwar.rajasthan.gov.in",
    "Ambala": "https://ambala.gov.in",
    "Ambedkar Nagar": "https://ambedkarnagar.nic.in",
    "Amethi": "https://amethi.nic.in",
    "Amravati": "https://amravati.gov.in",
    "Amreli": "https://amreli.nic.in",
    "Amritsar": "https://amritsar.nic.in",
    "Amroha": "https://amroha.nic.in",
    "Anakapalli": "https://anakapalli.ap.gov.in",
    "Anand": "https://anand.nic.in",
    "Ananthapuramu": "https://ananthapuramu.ap.gov.in",
    "Anantnag": "https://anantnag.nic.in",
    "Angul": "https://angul.odisha.gov.in",
    "Anjaw": "https://anjaw.nic.in",
    "Annamayya": "https://annamayya.ap.gov.in",
    "Anuppur": "https://anuppur.nic.in",
    "Araria": "https://araria.nic.in",
    "Ariyalur": "https://ariyalur.nic.in",
    "Arvalli": "https://arvalli.nic.in",
    "Arwal": "https://arwal.nic.in",
    "Ashoknagar": "https://ashoknagar.nic.in",
    "Auraiya": "https://auraiya.nic.in",
    "Aurangabad": "https://aurangabad.bih.nic.in",
    "Ayodhya": "https://ayodhya.nic.in",
    "Azamgarh": "https://azamgarh.nic.in",
    "Bagalkote": "https://bagalkot.nic.in",
    "Bageshwar": "https://bageshwar.nic.in",
    "Baghpat": "https://bagpat.nic.in",
    "Bahraich": "https://bahraich.nic.in",
    "Bajali": "https://bajali.assam.gov.in",
    "Baksa": "https://baksa.assam.gov.in",
    "Balaghat": "https://balaghat.nic.in",
    "Balangir": "https://balangir.odisha.gov.in",
    "Balasore": "https://balasore.odisha.gov.in",
    "Ballari": "https://ballari.nic.in",
    "Ballia": "https://ballia.nic.in",
    "Balod": "https://balod.gov.in",
    "Balodabazar-Bhatapara": "https://balodabazar.gov.in",
    "Balotra": "https://balotra.rajasthan.gov.in",
    "Balrampur": "https://balrampur.nic.in",
    "Balrampur-Ramanujganj": "https://balrampur.gov.in",
    "Banas Kantha": "https://banaskantha.nic.in",
    "Banda": "https://banda.nic.in",
    "Bandipora": "https://bandipore.nic.in",
    "Banka": "https://banka.nic.in",
    "Bankura": "https://bankura.gov.in",
    "Suggest A Site": "https://igod.gov.in/suggest_website",
    "Share Feedback": "https://igod.gov.in/feedback",
    "Link": "https://igod.gov.in/link_to_us",
    "About Us": "https://igod.gov.in/about_us",
    "Help": "https://igod.gov.in/help",
    "Website Policies": "https://igod.gov.in/website_policies",
    "Feedback": "https://igod.gov.in/feedback",
    "Contact Us": "https://igod.gov.in/contact_us",
    "National Informatics Centre": "https://www.nic.in/",
    "Ministry of Electronics &amp; Information Technology": "https://www.meity.gov.in/",
    "Banswara": "https://banswara.rajasthan.gov.in",
    "Bapatla": "https://bapatla.ap.gov.in",
    "Bara Banki": "https://barabanki.nic.in",
    "Baramulla": "https://baramulla.nic.in",
    "Baran": "https://baran.rajasthan.gov.in",
    "Bareilly": "https://bareilly.nic.in",
    "Bargarh": "https://bargarh.odisha.gov.in",
    "Barmer": "https://barmer.rajasthan.gov.in",
    "Barnala": "https://barnala.gov.in",
    "Barpeta": "https://barpeta.assam.gov.in",
    "Barwani": "https://barwani.nic.in",
    "Bastar": "https://bastar.gov.in",
    "Basti": "https://basti.nic.in",
    "Bathinda": "https://bathinda.nic.in",
    "Beawar": "https://beawar.rajasthan.gov.in",
    "Beed": "https://beed.gov.in",
    "Begusarai": "https://begusarai.nic.in",
    "Belagavi": "https://belagavi.nic.in",
    "Bemetara": "https://bemetara.gov.in",
    "Bengaluru Rural": "https://bangalorerural.nic.in",
    "Bengaluru South": "https://ramanagara.nic.in",
    "Bengaluru Urban": "https://bengaluruurban.nic.in",
    "Betul": "https://betul.nic.in",
    "Bhadohi": "https://bhadohi.nic.in",
    "Bhadradri Kothagudem": "https://kothagudem.telangana.gov.in",
    "Bhadrak": "https://bhadrak.odisha.gov.in",
    "Bhagalpur": "https://bhagalpur.nic.in",
    "Bhandara": "https://bhandara.gov.in",
    "Bharatpur": "https://bharatpur.rajasthan.gov.in",
    "Bharuch": "https://bharuch.nic.in",
    "Bhavnagar": "https://bhavnagar.nic.in",
    "Bhilwara": "https://bhilwara.rajasthan.gov.in",
    "Bhind": "https://bhind.nic.in",
    "Bhiwani": "https://bhiwani.gov.in",
    "Bhojpur": "https://bhojpur.nic.in",
    "Bhopal": "https://bhopal.nic.in",
    "Bidar": "https://bidar.nic.in",
    "Bijapur": "https://bijapur.gov.in",
    "Bijnor": "https://bijnor.nic.in",
    "Bikaner": "https://bikaner.rajasthan.gov.in",
    "Bilaspur": "https://bilaspur.gov.in",
    "Birbhum": "https://birbhum.gov.in",
    "Bishnupur": "https://bishnupur.nic.in",
    "Biswanath": "https://biswanath.gov.in",
    "Bokaro": "https://bokaro.nic.in",
    "Bongaigaon": "https://bongaigaon.gov.in",
    "Botad": "https://botad.nic.in",
    "Boudh": "https://boudh.odisha.gov.in",
    "Budaun": "https://budaun.nic.in",
    "Budgam": "https://budgam.nic.in",
    "Bulandshahr": "https://bulandshahar.nic.in",
    "Buldhana": "https://buldhana.nic.in",
    "Bundi": "https://bundi.rajasthan.gov.in",
    "Burhanpur": "https://burhanpur.nic.in",
    "Buxar": "https://buxar.nic.in",
    "Cachar": "https://cachar.gov.in",
    "Central": "https://dccentral.delhi.gov.in",
    "Chamarajanagar": "https://chamrajnagar.nic.in",
    "Chamba": "https://hpchamba.nic.in",
    "Chamoli": "https://chamoli.gov.in",
    "Champawat": "https://champawat.nic.in",
    "Champhai": "https://champhai.nic.in",
    "Chandauli": "https://chandauli.nic.in",
    "Chandel": "https://chandel.nic.in",
    "Chandigarh": "https://chandigarhdistrict.nic.in",
    "Chandrapur": "https://chanda.nic.in",
    "Changlang": "https://changlang.nic.in",
    "Charaideo": "https://charaideo.gov.in",
    "Charkhi Dadri": "https://charkhidadri.gov.in",
    "Chatra": "https://chatra.nic.in",
    "Chengalpattu": "https://chengalpattu.nic.in",
    "Chennai": "https://chennai.nic.in",
    "Chhatarpur": "https://chhatarpur.nic.in",
    "Chhatrapati Sambhajinagar": "https://aurangabad.gov.in",
    "Chhindwara": "https://chhindwara.nic.in",
    "Chhotaudepur": "https://chhotaudepur.nic.in",
    "Chikkaballapura": "https://chikkaballapur.nic.in",
    "Chikkamagaluru": "https://chikkamagaluru.nic.in",
    "Chirang": "https://chirang.assam.gov.in",
    "Chitradurga": "https://chitradurga.nic.in",
    "Chitrakoot": "https://chitrakoot.nic.in",
    "Chittoor": "https://chittoor.ap.gov.in",
    "Chittorgarh": "https://chittorgarh.rajasthan.gov.in",
    "Chumoukedima": "https://chumoukedima.nic.in",
    "Churachandpur": "https://churachandpur.nic.in",
    "Churu": "https://churu.rajasthan.gov.in",
    "Coimbatore": "https://coimbatore.nic.in",
    "Cooch Behar": "https://coochbehar.gov.in",
    "Cuddalore": "https://cuddalore.nic.in",
    "Cuttack": "https://cuttack.odisha.gov.in",
    "Dadra And Nagar Haveli": "https://dnh.gov.in",
    "Dahod": "https://dahod.gujarat.gov.in",
    "Dakshin Bastar Dantewada": "https://dantewada.nic.in",
    "Dakshin Dinajpur": "https://ddinajpur.nic.in",
    "Dakshina Kannada": "https://dk.nic.in",
    "Daman": "https://daman.nic.in/websites/collectorate_daman/index.asp",
    "Damoh": "https://damoh.nic.in",
    "Dangs": "https://dangs.nic.in",
    "Darbhanga": "https://darbhanga.nic.in",
    "Darjeeling": "https://darjeeling.gov.in",
    "Darrang": "https://darrang.gov.in",
    "Datia": "https://datia.nic.in",
    "Dausa": "https://dausa.rajasthan.gov.in",
    "Davanagere": "https://davanagere.nic.in",
    "Deeg": "https://deeg.rajasthan.gov.in",
    "Dehradun": "https://dehradun.nic.in",
    "Deogarh": "https://deogarh.odisha.gov.in",
    "Deoghar": "https://deoghar.nic.in",
    "Deoria": "https://deoria.nic.in",
    "Devbhumi Dwarka": "https://devbhumidwarka.nic.in",
    "Dewas": "https://dewas.nic.in",
    "Dhalai": "https://dhalai.nic.in",
    "Dhamtari": "https://dhamtari.gov.in",
    "Dhanbad": "https://dhanbad.nic.in",
    "Dhar": "https://dhar.nic.in",
    "Dharashiv": "https://osmanabad.gov.in",
    "Dharmapuri": "https://dharmapuri.nic.in",
    "Dharwad": "https://dharwad.nic.in",
    "Dhemaji": "https://dhemaji.gov.in",
    "Dhenkanal": "https://dhenkanal.odisha.gov.in",
    "Dholpur": "https://dholpur.rajasthan.gov.in",
    "Dhubri": "https://dhubri.gov.in",
    "Dhule": "https://dhule.gov.in",
    "Dibang Valley": "https://dibangvalley.nic.in",
    "Dibrugarh": "https://dibrugarh.assam.gov.in",
    "Dima Hasao": "https://dimahasao.assam.gov.in",
    "Dimapur": "https://dimapur.nic.in",
    "Dindigul": "https://dindigul.nic.in",
    "Dindori": "https://dindori.nic.in",
    "Diu": "https://diu.gov.in",
    "Doda": "https://doda.nic.in",
    "Dr. B.R. Ambedkar Konaseema": "https://konaseema.ap.gov.in",
    "Dumka": "https://dumka.nic.in",
    "Dungarpur": "https://dungarpur.rajasthan.gov.in",
    "Durg": "https://durg.gov.in",
    "East": "https://dmeast.delhi.gov.in",
    "East Garo Hills": "https://eastgarohills.gov.in",
    "East Godavari": "https://eastgodavari.ap.gov.in",
    "East Jaintia Hills": "https://eastjaintiahills.gov.in",
    "East Kameng": "https://eastkameng.nic.in",
    "East Khasi Hills": "https://eastkhasihills.gov.in",
    "East Siang": "https://eastsiang.nic.in",
    "East Singhbum": "https://jamshedpur.nic.in",
    "Eluru": "https://eluru.ap.gov.in",
    "Ernakulam": "https://ernakulam.nic.in",
    "Erode": "https://erode.nic.in",
    "Etah": "https://etah.nic.in",
    "Etawah": "https://etawah.nic.in",
    "Faridabad": "https://faridabad.nic.in",
    "Faridkot": "https://faridkot.nic.in",
    "Farrukhabad": "https://farrukhabad.nic.in",
    "Fatehabad": "https://fatehabad.nic.in",
    "Fatehgarh Sahib": "https://fatehgarhsahib.nic.in",
    "Fatehpur": "https://fatehpur.nic.in",
    "Fazilka": "https://fazilka.nic.in",
    "Ferozepur": "https://ferozepur.nic.in",
    "Firozabad": "https://firozabad.nic.in",
    "Gadag": "https://gadag.nic.in",
    "Gadchiroli": "https://gadchiroli.gov.in",
    "Gajapati": "https://gajapati.odisha.gov.in",
    "Ganderbal": "https://ganderbal.nic.in",
    "Gandhinagar": "https://gandhinagar.nic.in",
    "Ganganagar": "https://sriganganagar.rajasthan.gov.in",
    "Ganjam": "https://ganjam.odisha.gov.in",
    "Garhwa": "https://garhwa.nic.in",
    "Gariyaband": "https://gariaband.gov.in",
    "Gaurela-Pendra-Marwahi": "https://gaurela-pendra-marwahi.cg.gov.in",
    "Gautam Buddha Nagar": "https://gbnagar.nic.in",
    "Gaya": "https://gaya.nic.in",
    "Ghaziabad": "https://ghaziabad.nic.in",
    "Ghazipur": "https://ghazipur.nic.in",
    "Gir Somnath": "https://girsomnath.gujarat.gov.in",
    "Giridih": "https://giridih.nic.in",
    "Goalpara": "https://goalpara.assam.gov.in",
    "Godda": "https://godda.nic.in",
    "Golaghat": "https://golaghat.gov.in",
    "Gomati": "https://gomati.nic.in",
    "Gonda": "https://gonda.nic.in",
    "Gondia": "https://gondia.gov.in",
    "Gopalganj": "https://gopalganj.nic.in",
    "Gorakhpur": "https://gorakhpur.nic.in",
    "Gumla": "https://gumla.nic.in",
    "Guna": "https://guna.nic.in",
    "Guntur": "https://guntur.ap.gov.in",
    "Gurdaspur": "https://gurdaspur.nic.in",
    "Gurugram": "https://gurugram.gov.in",
    "Gwalior": "https://gwalior.nic.in",
    "Hailakandi": "https://hailakandi.assam.gov.in",
    "Hamirpur": "https://hphamirpur.nic.in",
    "Hanumakonda": "https://hanumakonda.telangana.gov.in",
    "Hanumangarh": "https://hanumangarh.rajasthan.gov.in",
    "Hapur": "https://hapur.nic.in",
    "Harda": "https://harda.nic.in",
    "Hardoi": "https://hardoi.nic.in",
    "Haridwar": "https://haridwar.nic.in",
    "Hassan": "https://hassan.nic.in",
    "Hathras": "https://hathras.nic.in",
    "Haveri": "https://haveri.nic.in",
    "Hazaribagh": "https://hazaribag.nic.in",
    "Hingoli": "https://hingoli.nic.in",
    "Hisar": "https://hisar.gov.in",
    "Hojai": "https://hojai.assam.gov.in",
    "Hooghly": "https://hooghly.nic.in",
    "Hoshiarpur": "https://hoshiarpur.nic.in",
    "Howrah": "https://howrah.gov.in",
    "Hyderabad": "https://hyderabad.telangana.gov.in",
    "Idukki": "https://idukki.nic.in",
    "Imphal East": "https://imphaleast.nic.in",
    "Imphal West": "https://imphalwest.nic.in",
    "Indore": "https://indore.nic.in",
    "Jabalpur": "https://jabalpur.nic.in",
    "Jagatsinghapur": "https://jagatsinghpur.odisha.gov.in",
    "Jagitial": "https://jagtial.telangana.gov.in",
    "Jaipur": "https://jaipur.rajasthan.gov.in",
    "Jaisalmer": "https://jaisalmer.rajasthan.gov.in",
    "Jajpur": "https://jajpur.odisha.gov.in",
    "Jalandhar": "https://jalandhar.nic.in",
    "Jalaun": "https://jalaun.nic.in",
    "Jalgaon": "https://jalgaon.gov.in",
    "Jalna": "https://jalna.gov.in",
    "Jalore": "https://jalore.rajasthan.gov.in",
    "Jalpaiguri": "https://jalpaiguri.gov.in",
    "Jammu": "https://jammu.nic.in",
    "Jamnagar": "https://jamnagar.nic.in",
    "Jamtara": "https://jamtara.nic.in",
    "Jamui": "https://jamui.nic.in",
    "Jangoan": "https://jangaon.telangana.gov.in",
    "Janjgir-Champa": "https://janjgir-champa.gov.in",
    "Jashpur": "https://jashpur.nic.in",
    "Jaunpur": "https://jaunpur.nic.in",
    "Jayashankar Bhupalapally": "https://bhoopalapally.telangana.gov.in",
    "Jehanabad": "https://jehanabad.nic.in",
    "Jhabua": "https://jhabua.nic.in",
    "Jhajjar": "https://jhajjar.nic.in",
    "Jhalawar": "https://jhalawar.rajasthan.gov.in",
    "Jhansi": "https://jhansi.nic.in",
    "Jhargram": "https://jhargram.gov.in",
    "Jharsuguda": "https://jharsuguda.odisha.gov.in",
    "Jhunjhunu": "https://jhunjhunu.rajasthan.gov.in",
    "Jind": "https://jind.gov.in",
    "Jodhpur": "https://jodhpur.rajasthan.gov.in",
    "Jogulamba Gadwal": "https://gadwal.telangana.gov.in",
    "Jorhat": "https://jorhat.assam.gov.in",
    "Junagadh": "https://junagadh.nic.in",
    "Kabeerdham": "https://kawardha.gov.in",
    "Kachchh": "https://kachchh.nic.in",
    "Kaimur (Bhabua)": "https://kaimur.nic.in",
    "Kaithal": "https://kaithal.gov.in",
    "Kakching": "https://kakching.nic.in",
    "Kakinada": "https://kakinada.ap.gov.in",
    "Kalaburagi": "https://kalaburagi.nic.in",
    "Kalahandi": "https://kalahandi.odisha.gov.in",
    "Kalimpong": "https://kalimpong.gov.in",
    "Kallakurichi": "https://kallakurichi.nic.in",
    "Kamareddy": "https://kamareddy.telangana.gov.in",
    "Kamjong": "https://kamjong.nic.in",
    "Kamrup": "https://kamrup.assam.gov.in",
    "Kamrup Metro": "https://kamrupmetro.assam.gov.in",
    "Kancheepuram": "https://kancheepuram.nic.in",
    "Kandhamal": "https://kandhamal.odisha.gov.in",
    "Kangpokpi": "https://kangpokpi.nic.in",
    "Kangra": "https://hpkangra.nic.in",
    "Kannauj": "https://kannauj.nic.in",
    "Kanniyakumari": "https://kanniyakumari.nic.in",
    "Kannur": "https://kannur.nic.in",
    "Kanpur Dehat": "https://kanpurdehat.nic.in",
    "Kanpur Nagar": "https://kanpurnagar.nic.in",
    "Kapurthala": "https://kapurthala.gov.in",
    "Karaikal": "https://karaikal.gov.in",
    "Karauli": "https://karauli.rajasthan.gov.in",
    "Karbi Anglong": "https://karbianglong.gov.in",
    "Kargil": "https://kargil.nic.in",
    "Karimnagar": "https://karimnagar.telangana.gov.in",
    "Karnal": "https://karnal.gov.in",
    "Karur": "https://karur.nic.in",
    "Kasaragod": "https://kasargod.nic.in",
    "Kasganj": "https://kasganj.nic.in",
    "Kathua": "https://kathua.nic.in",
    "Katihar": "https://katihar.nic.in",
    "Katni": "https://katni.nic.in",
    "Kaushambi": "https://kaushambi.nic.in",
    "Kendrapara": "https://kendrapara.odisha.gov.in",
    "Keonjhar": "https://kendujhar.odisha.gov.in",
    "Khagaria": "https://khagaria.nic.in",
    "Khairthal-Tijara": "https://khairthaltijara.rajasthan.gov.in",
    "Khammam": "https://khammam.telangana.gov.in",
    "Khandwa (East Nimar)": "https://khandwa.nic.in",
    "Khargone (West Nimar)": "https://khargone.nic.in",
    "Kheda": "https://kheda.nic.in",
    "Kheri": "https://kheri.nic.in",
    "Khordha": "https://khordha.odisha.gov.in",
    "Khowai": "https://khowai.nic.in",
    "Khunti": "https://khunti.nic.in",
    "Kinnaur": "https://hpkinnaur.nic.in",
    "Kiphire": "https://kiphire.nic.in",
    "Kishanganj": "https://kishanganj.nic.in",
    "Kishtwar": "https://kishtwar.nic.in",
    "Kodagu": "https://kodagu.nic.in",
    "Koderma": "https://koderma.nic.in",
    "Kohima": "https://kohima.nic.in",
    "Kokrajhar": "https://kokrajhar.assam.gov.in",
    "Kolar": "https://kolar.nic.in",
    "Kolasib": "https://kolasib.nic.in",
    "Kolhapur": "https://kolhapur.gov.in",
    "Kollam": "https://kollam.nic.in",
    "Kondagaon": "https://kondagaon.gov.in",
    "Koppal": "https://koppal.nic.in",
    "Koraput": "https://koraput.odisha.gov.in",
    "Korba": "https://korba.gov.in",
    "Korea": "https://korea.gov.in",
    "Kota": "https://kota.rajasthan.gov.in",
    "Kotputli-Behror": "https://kotputlibehror.rajasthan.gov.in",
    "Kottayam": "https://kottayam.nic.in",
    "Kozhikode": "https://kozhikode.nic.in",
    "Kra Daadi": "https://kradaadi.nic.in",
    "Krishna": "https://krishna.ap.gov.in",
    "Krishnagiri": "https://krishnagiri.nic.in",
    "Kulgam": "https://kulgam.nic.in",
    "Kullu": "https://hpkullu.nic.in",
    "Kumuram Bheem Asifabad": "https://asifabad.telangana.gov.in",
    "Kupwara": "https://kupwara.nic.in",
    "Kurnool": "https://kurnool.ap.gov.in",
    "Kurukshetra": "https://kurukshetra.gov.in",
    "Kurung Kumey": "https://kurungkumey.nic.in",
    "Kushinagar": "https://kushinagar.nic.in",
    "Lahaul And Spiti": "https://hplahaulspiti.nic.in",
    "Lakhimpur": "https://lakhimpur.nic.in",
    "Lakhisarai": "https://lakhisarai.nic.in",
    "Lakshadweep District": "https://lakshadweep.gov.in/district-panchayath",
    "Lalitpur": "https://lalitpur.nic.in",
    "Latehar": "https://latehar.nic.in",
    "Latur": "https://latur.gov.in",
    "Lawngtlai": "https://lawngtlai.nic.in",
    "Leh Ladakh": "https://leh.nic.in",
    "Lohardaga": "https://lohardaga.nic.in",
    "Lohit": "https://lohit.nic.in",
    "Longding": "https://longding.nic.in",
    "Longleng": "https://longleng.nic.in",
    "Lower Dibang Valley": "https://roing.nic.in",
    "Lower Subansiri": "https://lowersubansiri.nic.in",
    "Lucknow": "https://lucknow.nic.in",
    "Ludhiana": "https://ludhiana.nic.in",
    "Lunglei": "https://lunglei.nic.in",
    "MAUGANJ": "https://mauganj.nic.in/en",
    "Madhepura": "https://madhepura.nic.in",
    "Madhubani": "https://madhubani.nic.in",
    "Madurai": "https://madurai.nic.in",
    "Mahabubabad": "https://mahabubabad.telangana.gov.in",
    "Mahabubnagar": "https://mahabubnagar.telangana.gov.in",
    "Mahasamund": "https://mahasamund.gov.in",
    "Mahendragarh": "https://mahendragarh.gov.in",
    "Mahesana": "https://mahesana.nic.in",
    "Mahisagar": "https://mahisagar.gujarat.gov.in",
    "Mahoba": "https://mahoba.nic.in",
    "Mahrajganj": "https://maharajganj.nic.in",
    "Mainpuri": "https://mainpuri.nic.in",
    "Majuli": "https://majuli.gov.in",
    "Malappuram": "https://malappuram.nic.in",
    "Malda": "https://malda.gov.in",
    "Malerkotla": "https://malerkotla.nic.in",
    "Malkangiri": "https://malkangiri.odisha.gov.in",
    "Mamit": "https://mamit.nic.in",
    "Mancherial": "https://mancherial.telangana.gov.in",
    "Mandi": "https://hpmandi.nic.in",
    "Mandla": "https://mandla.nic.in",
    "Mandsaur": "https://mandsaur.nic.in",
    "Mandya": "https://mandya.nic.in",
    "Mangan": "https://mangan.nic.in",
    "Mansa": "https://mansa.nic.in",
    "Marigaon": "https://morigaon.gov.in",
    "Mathura": "https://mathura.nic.in",
    "Mau": "https://mau.nic.in",
    "Mayiladuthurai": "https://mayiladuthurai.nic.in",
    "Mayurbhanj": "https://mayurbhanj.odisha.gov.in",
    "Medak": "https://medak.telangana.gov.in",
    "Medchal Malkajgiri": "https://medchal-malkajgiri.telangana.gov.in",
    "Meerut": "https://meerut.nic.in",
    "Mirzapur": "https://mirzapur.nic.in",
    "Moga": "https://moga.nic.in",
    "Mohla-Manpur-Ambagarh Chouki": "https://mohla-manpur-ambagarhchowki.cg.gov.in",
    "Mokokchung": "https://mokokchung.nic.in",
    "Mon": "https://mon.nic.in",
    "Moradabad": "https://moradabad.nic.in",
    "Morbi": "https://morbi.gujarat.gov.in",
    "Morena": "https://morena.nic.in",
    "Mulugu": "https://mulugu.telangana.gov.in",
    "Mumbai": "https://mumbaicity.gov.in",
    "Mumbai Suburban": "https://mumbaisuburban.gov.in",
    "Mungeli": "https://mungeli.gov.in",
    "Munger": "https://munger.nic.in",
    "Murshidabad": "https://murshidabad.gov.in",
    "Muzaffarnagar": "https://muzaffarnagar.nic.in",
    "Muzaffarpur": "https://muzaffarpur.nic.in",
    "Mysuru": "https://mysore.nic.in",
    "Nabarangpur": "https://nabarangpur.odisha.gov.in",
    "Nadia": "https://nadia.gov.in",
    "Nagaon": "https://nagaon.assam.gov.in",
    "Nagapattinam": "https://www.nagapattinam.nic.in",
    "Nagarkurnool": "https://nagarkurnool.telangana.gov.in",
    "Nagaur": "https://nagaur.rajasthan.gov.in",
    "Nagpur": "https://nagpur.gov.in",
    "Nainital": "https://nainital.nic.in",
    "Nalanda": "https://nalanda.nic.in",
    "Nalbari": "https://nalbari.gov.in",
    "Nalgonda": "https://nalgonda.telangana.gov.in",
    "Namakkal": "https://namakkal.nic.in",
    "Namsai": "https://namsai.nic.in",
    "Nanded": "https://nanded.gov.in",
    "Nandurbar": "https://nandurbar.gov.in",
    "Nandyal": "https://nandyal.ap.gov.in",
    "Narayanpet": "https://narayanpet.telangana.gov.in",
    "Narayanpur": "https://narayanpur.gov.in",
    "Narmada": "https://narmada.nic.in",
    "Narmadapuram": "https://narmadapuram.nic.in",
    "Narsimhapur": "https://narsinghpur.nic.in",
    "Nashik": "https://nashik.gov.in",
    "Navsari": "https://navsari.nic.in",
    "Nawada": "https://nawada.nic.in",
    "Nayagarh": "https://nayagarh.odisha.gov.in",
    "Neemuch": "https://neemuch.nic.in",
    "New Delhi": "https://dmnewdelhi.delhi.gov.in",
    "Nicobars": "https://nicobars.andaman.nic.in",
    "Nirmal": "https://nirmal.telangana.gov.in",
    "Niwari": "https://niwari.nic.in",
    "Nizamabad": "https://nizamabad.telangana.gov.in",
    "Noklak": "https://noklak.nic.in",
    "North": "https://dmnorth.delhi.gov.in",
    "North 24 Parganas": "https://north24parganas.gov.in",
    "North And Middle Andaman": "https://northmiddle.andaman.nic.in",
    "North East": "https://dmnortheast.delhi.gov.in",
    "North Garo Hills": "https://northgarohills.gov.in",
    "North Goa": "https://northgoa.gov.in",
    "North Tripura": "https://northtripura.nic.in",
    "North West": "https://dmnorthwest.delhi.gov.in",
    "Ntr": "https://ntr.ap.gov.in",
    "Nuapada": "https://nuapada.odisha.gov.in",
    "Nuh": "https://nuh.gov.in",
    "Pakur": "https://pakur.nic.in",
    "Palakkad": "https://palakkad.nic.in",
    "Palamu": "https://palamu.nic.in",
    "Palghar": "https://palghar.gov.in",
    "Pali": "https://pali.rajasthan.gov.in",
    "Palnadu": "https://palnadu.ap.gov.in",
    "Palwal": "https://palwal.gov.in",
    "Panch Mahals": "https://panchmahals.nic.in",
    "Panchkula": "https://panchkula.nic.in",
    "Panipat": "https://panipat.gov.in",
    "Panna": "https://panna.nic.in",
    "Papum Pare": "https://papumpare.nic.in",
    "Parbhani": "https://parbhani.gov.in",
    "Parvathipuram Manyam": "https://parvathipurammanyam.ap.gov.in",
    "Paschim Bardhaman": "https://paschimbardhaman.gov.in",
    "Paschim Medinipur": "https://paschimmedinipur.gov.in",
    "Pashchim Champaran": "https://westchamparan.nic.in",
    "Patan": "https://patan.nic.in",
    "Pathanamthitta": "https://pathanamthitta.nic.in",
    "Pathankot": "https://pathankot.nic.in",
    "Patiala": "https://patiala.nic.in",
    "Patna": "https://patna.nic.in",
    "Pauri Garhwal": "https://pauri.nic.in",
    "Peddapalli": "https://peddapalli.telangana.gov.in",
    "Perambalur": "https://perambalur.nic.in",
    "Peren": "https://peren-district.nic.in",
    "Phalodi": "https://phalodi.rajasthan.gov.in",
    "Phek": "https://phek.nic.in",
    "Pherzawl": "https://pherzawl.nic.in",
    "Pilibhit": "https://pilibhit.nic.in",
    "Pithoragarh": "https://pithoragarh.nic.in",
    "Poonch": "https://poonch.nic.in",
    "Porbandar": "https://porbandar.nic.in",
    "Prakasam": "https://prakasam.ap.gov.in",
    "Pratapgarh": "https://pratapgarh.rajasthan.gov.in",
    "Prayagraj": "https://prayagraj.nic.in",
    "Puducherry": "https://puducherry-dt.gov.in",
    "Pudukkottai": "https://pudukkottai.nic.in",
    "Pulwama": "https://pulwama.gov.in",
    "Pune": "https://pune.gov.in",
    "Purba Bardhaman": "https://purbabardhaman.nic.in",
    "Purba Medinipur": "https://purbamedinipur.gov.in",
    "Purbi Champaran": "https://eastchamparan.nic.in",
    "Puri": "https://puri.odisha.gov.in",
    "Purnia": "https://purnea.nic.in",
    "Purulia": "https://purulia.gov.in",
    "Rae Bareli": "https://raebareli.nic.in",
    "Raichur": "https://raichur.nic.in",
    "Raigad": "https://raigad.gov.in",
    "Raigarh": "https://raigarh.gov.in",
    "Raipur": "https://raipur.gov.in",
    "Raisen": "https://raisen.nic.in",
    "Rajanna Sircilla": "https://rajannasircilla.telangana.gov.in",
    "Rajgarh": "https://rajgarh.nic.in",
    "Rajkot": "https://rajkot.nic.in",
    "Rajnandgaon": "https://rajnandgaon.nic.in",
    "Rajouri": "https://rajouri.nic.in",
    "Rajsamand": "https://rajsamand.rajasthan.gov.in",
    "Ramanathapuram": "https://ramanathapuram.nic.in",
    "Ramban": "https://ramban.gov.in",
    "Ramgarh": "https://ramgarh.nic.in",
    "Rampur": "https://rampur.nic.in",
    "Ranchi": "https://ranchi.nic.in",
    "Ranga Reddy": "https://rangareddy.telangana.gov.in",
    "Ratlam": "https://ratlam.nic.in",
    "Ratnagiri": "https://ratnagiri.gov.in",
    "Rayagada": "https://rayagada.odisha.gov.in",
    "Reasi": "https://reasi.nic.in",
    "Rewa": "https://rewa.nic.in",
    "Rewari": "https://rewari.gov.in",
    "Ri Bhoi": "https://ribhoi.gov.in",
    "Rohtak": "https://rohtak.gov.in",
    "Rohtas": "https://rohtas.nic.in",
    "Rudraprayag": "https://rudraprayag.gov.in",
    "Rupnagar": "https://rupnagar.nic.in",
    "S.A.S Nagar": "https://sasnagar.nic.in",
    "Sabar Kantha": "https://sabarkantha.nic.in",
    "Sagar": "https://sagar.nic.in",
    "Saharanpur": "https://saharanpur.nic.in",
    "Saharsa": "https://saharsa.nic.in",
    "Sahebganj": "https://sahibganj.nic.in",
    "Salem": "https://salem.nic.in",
    "Salumbar": "https://salumber.rajasthan.gov.in",
    "Samastipur": "https://samastipur.nic.in",
    "Samba": "https://samba.gov.in",
    "Sambalpur": "https://sambalpur.odisha.gov.in",
    "Sambhal": "https://sambhal.nic.in",
    "Sangareddy": "https://sangareddy.telangana.gov.in",
    "Sangli": "https://sangli.nic.in",
    "Sangrur": "https://sangrur.nic.in",
    "Sant Kabir Nagar": "https://sknagar.nic.in",
    "Saraikela Kharsawan": "https://seraikela.nic.in",
    "Saran": "https://saran.nic.in",
    "Satara": "https://www.satara.gov.in",
    "Satna": "https://satna.nic.in",
    "Sawai Madhopur": "https://sawaimadhopur.rajasthan.gov.in",
    "Sehore": "https://sehore.nic.in",
    "Senapati": "https://senapati.nic.in",
    "Seoni": "https://seoni.nic.in",
    "Sepahijala": "https://sepahijala.nic.in",
    "Serchhip": "https://serchhip.nic.in",
    "Shahdara": "https://dmshahdara.delhi.gov.in",
    "Shahdol": "https://shahdol.nic.in",
    "Shahid Bhagat Singh Nagar": "https://nawanshahr.nic.in",
    "Shahjahanpur": "https://shahjahanpur.nic.in",
    "Shajapur": "https://shajapur.nic.in",
    "Shamator": "https://shamator.nic.in",
    "Shamli": "https://shamli.nic.in",
    "Sheikhpura": "https://sheikhpura.nic.in",
    "Sheohar": "https://sheohar.nic.in",
    "Sheopur": "https://sheopur.nic.in",
    "Shi Yomi": "https://shiyomi.nic.in",
    "Shimla": "https://hpshimla.nic.in",
    "Shivamogga": "https://shimoga.nic.in",
    "Shivpuri": "https://shivpuri.nic.in",
    "Shopian": "https://shopian.nic.in",
    "Shrawasti": "https://shravasti.nic.in",
    "Siaha": "https://siaha.nic.in",
    "Siang": "https://siang.nic.in",
    "Siddharthnagar": "https://siddharthnagar.nic.in",
    "Siddipet": "https://siddipet.telangana.gov.in",
    "Sidhi": "https://sidhi.nic.in",
    "Sikar": "https://sikar.rajasthan.gov.in",
    "Simdega": "https://simdega.nic.in",
    "Sindhudurg": "https://sindhudurg.nic.in",
    "Singrauli": "https://singrauli.nic.in",
    "Sirmaur": "https://hpsirmaur.nic.in",
    "Sirohi": "https://sirohi.rajasthan.gov.in",
    "Sirsa": "https://sirsa.gov.in",
    "Sitamarhi": "https://sitamarhi.nic.in",
    "Sitapur": "https://sitapur.nic.in",
    "Sivaganga": "https://sivaganga.nic.in",
    "Sivasagar": "https://sivasagar.assam.gov.in",
    "Siwan": "https://siwan.nic.in",
    "Solan": "https://hpsolan.nic.in",
    "Solapur": "https://solapur.gov.in",
    "Sonbhadra": "https://sonbhadra.nic.in",
    "Sonepur": "https://subarnapur.odisha.gov.in",
    "Sonipat": "https://sonipat.gov.in",
    "Sonitpur": "https://sonitpur.gov.in",
    "Soreng": "https://soreng.nic.in",
    "South": "https://dmsouth.delhi.gov.in",
    "South 24 Parganas": "https://s24pgs.gov.in",
    "South Andamans": "https://southandaman.nic.in",
    "South East": "https://dmsoutheast.delhi.gov.in",
    "South Garo Hills": "https://southgarohills.gov.in",
    "South Goa": "https://southgoa.nic.in",
    "South Salmara Mancachar": "https://southsalmaramankachar.assam.gov.in",
    "South Tripura": "https://southtripura.nic.in",
    "South West": "https://dmsouthwest.delhi.gov.in",
    "South West Garo Hills": "https://southwestgarohills.gov.in",
    "South West Khasi Hills": "https://southwestkhasihills.gov.in",
    "Sri Muktsar Sahib": "https://muktsar.nic.in",
    "Sri Potti Sriramulu Nellore": "https://spsnellore.ap.gov.in",
    "Sri Sathya Sai": "https://srisathyasai.ap.gov.in",
    "Sribhumi": "https://karimganj.gov.in",
    "Srikakulam": "https://srikakulam.ap.gov.in",
    "Srinagar": "https://srinagar.nic.in",
    "Sukma": "https://sukma.gov.in",
    "Sultanpur": "https://sultanpur.nic.in",
    "Sundargarh": "https://sundargarh.odisha.gov.in",
    "Supaul": "https://supaul.nic.in",
    "Surajpur": "https://surajpur.nic.in",
    "Surat": "https://surat.nic.in",
    "Surendranagar": "https://surendranagar.nic.in",
    "Surguja": "https://surguja.gov.in",
    "Suryapet": "https://suryapet.telangana.gov.in",
    "Tamenglong": "https://tamenglong.nic.in",
    "Tapi": "https://tapi.nic.in",
    "Tarn Taran": "https://tarntaran.nic.in",
    "Tawang": "https://tawang.nic.in",
    "Tehri Garhwal": "https://tehri.nic.in",
    "Tengnoupal": "https://tengnoupal.nic.in",
    "Tenkasi": "https://tenkasi.nic.in",
    "Thane": "https://thane.nic.in",
    "Thanjavur": "https://thanjavur.nic.in",
    "The Nilgiris": "https://nilgiris.nic.in",
    "Theni": "https://theni.nic.in",
    "Thiruvallur": "https://tiruvallur.nic.in",
    "Thiruvananthapuram": "https://trivandrum.nic.in",
    "Thiruvarur": "https://tiruvarur.nic.in",
    "Thoothukkudi": "https://thoothukudi.nic.in",
    "Thoubal": "https://thoubal.nic.in",
    "Thrissur": "https://thrissur.nic.in",
    "Tikamgarh": "https://tikamgarh.nic.in",
    "Tinsukia": "https://tinsukia.assam.gov.in",
    "Tirap": "https://tirap.nic.in",
    "Tiruchirappalli": "https://tiruchirappalli.nic.in",
    "Tirunelveli": "https://tirunelveli.nic.in",
    "Tirupathur": "https://tirupathur.nic.in",
    "Tirupati": "https://tirupati.ap.gov.in",
    "Tiruppur": "https://tiruppur.nic.in",
    "Tiruvannamalai": "https://tiruvannamalai.nic.in",
    "Tonk": "https://tonk.rajasthan.gov.in",
    "Tseminyu": "https://tseminyu.nic.in",
    "Tuensang": "https://tuensang.nic.in",
    "Tumakuru": "https://tumkur.nic.in",
    "Udaipur": "https://udaipur.rajasthan.gov.in",
    "Udalguri": "https://udalguri.assam.gov.in",
    "Udham Singh Nagar": "https://usnagar.nic.in",
    "Udhampur": "https://udhampur.nic.in",
    "Udupi": "https://udupi.nic.in",
    "Ujjain": "https://ujjain.nic.in",
    "Ukhrul": "https://ukhrul.nic.in",
    "Umaria": "https://umaria.nic.in",
    "Una": "https://hpuna.nic.in",
    "Unakoti": "https://unakoti.nic.in",
    "Unnao": "https://unnao.nic.in",
    "Upper Siang": "https://uppersiang.nic.in",
    "Upper Subansiri": "https://uppersubansiri.nic.in",
    "Uttar Bastar Kanker": "https://kanker.gov.in",
    "Uttar Dinajpur": "https://uttardinajpur.gov.in",
    "Uttara Kannada": "https://uttarakannada.nic.in",
    "Uttarkashi": "https://uttarkashi.nic.in",
    "Vadodara": "https://vadodara.nic.in",
    "Vaishali": "https://vaishali.nic.in",
    "Valsad": "https://valsad.nic.in",
    "Varanasi": "https://varanasi.nic.in",
    "Vellore": "https://vellore.nic.in",
    "Vidisha": "https://vidisha.nic.in",
    "Vijayanagara": "https://vijayanagara.nic.in",
    "Vijayapura": "https://vijayapura.nic.in",
    "Vikarabad": "https://vikarabad.telangana.gov.in",
    "Viluppuram": "https://viluppuram.nic.in",
    "Virudhunagar": "https://virudhunagar.nic.in",
    "Visakhapatnam": "https://visakhapatnam.ap.gov.in",
    "Vizianagaram": "https://vizianagaram.ap.gov.in",
    "Wanaparthy": "https://wanaparthy.telangana.gov.in",
    "Warangal": "https://warangal.telangana.gov.in",
    "Wardha": "https://wardha.gov.in",
    "Washim": "https://washim.gov.in",
    "Wayanad": "https://wayanad.gov.in",
    "West": "https://dcwestrev.delhi.gov.in",
    "West Garo Hills": "https://westgarohills.gov.in",
    "West Godavari": "https://westgodavari.ap.gov.in",
    "West Jaintia Hills": "https://westjaintiahills.gov.in",
    "West Kameng": "https://westkameng.nic.in",
    "West Karbi Anglong": "https://westkarbianglong.assam.gov.in",
    "West Khasi Hills": "https://westkhasihills.gov.in",
    "West Siang": "https://westsiang.nic.in",
    "West Singhbhum": "https://chaibasa.nic.in",
    "West Tripura": "https://westtripura.nic.in",
    "Wokha": "https://wokha.nic.in",
    "Y.S.R. Kadapa": "https://kadapa.ap.gov.in",
    "Yadadri Bhuvanagiri": "https://yadadri.telangana.gov.in",
    "Yadgir": "https://yadgir.nic.in",
    "Yamunanagar": "https://yamunanagar.nic.in",
    "Yavatmal": "https://yavatmal.gov.in",
    "Zunheboto": "https://zunheboto.nic.in"
}